{
  "n_valid_images": 559,
  "spearman_rho": 0.44977989002745183,
  "p_value": 3.4263906202156306e-29,
  "mean_baseline_iou": 0.2306977143780108,
  "mean_mc_iou": 0.24011467948187365,
  "iou_delta": -0.009416965103862862,
  "iou_drop": 0.0,
  "ece_10bins": 0.32640324648431757
}